{
  "implicit_mean": [
    0.002920303726568818,
    -0.001190731767565012,
    -0.0031349288765341043,
    0.0021399708930402994,
    0.002299896441400051,
    -0.001981231616809964,
    -0.0016532677691429853,
    -0.004345046356320381,
    -0.002559149404987693,
    9.122009942075238e-05,
    0.0021667073015123606,
    -0.0066962409764528275,
    -0.003361106151714921,
    -0.001541108125820756,
    0.0032854718156158924,
    -0.00043416747939772904
  ],
  "implicit_std": [
    0.00149259390309453,
    0.0025802808813750744,
    0.0031164363026618958,
    0.002644489984959364,
    0.007816817611455917,
    0.002193835796788335,
    0.0026498325169086456,
    0.0030678946059197187,
    0.003845107974484563,
    0.0012950580567121506,
    0.004841596819460392,
    0.0026320957113057375,
    0.0055072735995054245,
    0.0014999320264905691,
    0.002116051036864519,
    0.0013825696660205722
  ],
  "a2e6_to_explicit_idx": {
    "anger": 17,
    "disgust": 19,
    "fear": 20,
    "joy": 22,
    "neutral": null,
    "sadness": 25
  },
  "explicit_slot_names": {
    "16": null
  },
  "prototypes": {
    "angry": [
      0.0018336192006245255,
      -0.0011556921526789665,
      -0.0003238406789023429,
      -0.0016172638861462474,
      0.010903483256697655,
      -0.0020108846947550774,
      -0.0033691981807351112,
      -0.003922260832041502,
      -0.00022428228112403303,
      0.0009033703245222569,
      0.0040579866617918015,
      -0.004032447934150696,
      -0.010070291347801685,
      -0.003186476416885853,
      0.0013007873203605413,
      0.0015507458010688424,
      0.0,
      0.542615532875061,
      0.0,
      0.004752620588988066,
      0.003690432058647275,
      0.0,
      0.028809916228055954,
      0.0,
      0.0,
      0.0030047555919736624
    ],
    "disgust": [
      0.004405666142702103,
      -0.002894536592066288,
      -0.005639959592372179,
      0.0013559205690398812,
      0.0002611056843306869,
      -0.004576229956001043,
      -0.00010817098518600687,
      -0.008317267522215843,
      -0.0016599913360551,
      0.0003628011327236891,
      0.0012211566790938377,
      -0.006300110369920731,
      -0.0005833677714690566,
      -0.001264994265511632,
      0.002492611762136221,
      0.0005746203823946416,
      0.0,
      0.08235349506139755,
      0.0,
      0.31261271238327026,
      0.042954083532094955,
      0.0,
      0.058990269899368286,
      0.0,
      0.0,
      0.02643841691315174
    ],
    "fear": [
      0.004515065345913172,
      0.0025639343075454235,
      -0.003095179796218872,
      0.0034584347158670425,
      0.0036526687908917665,
      -0.0030396587681025267,
      0.0015111580723896623,
      -0.0037536141462624073,
      -0.005999471992254257,
      -0.0005528987967409194,
      -0.004756974056363106,
      -0.004051084164530039,
      -0.0038179797120392323,
      -0.0017806397518143058,
      0.005286571569740772,
      -0.001621106406673789,
      0.0,
      0.01620699092745781,
      0.0,
      0.016776105388998985,
      0.39788591861724854,
      0.0,
      0.05026355758309364,
      0.0,
      0.0,
      0.06558392941951752
    ],
    "happy": [
      0.00264582852832973,
      -0.0011048989836126566,
      0.00010815087443916127,
      0.0030021255370229483,
      0.008372697047889233,
      -0.00018280858057551086,
      -0.004370814189314842,
      -0.0030433270148932934,
      -0.001520139747299254,
      -0.001474570482969284,
      0.0003919451264664531,
      -0.007485681679099798,
      0.0033631292171776295,
      -0.000712080392986536,
      0.005966060794889927,
      -0.0005016307695768774,
      0.0,
      0.031941939145326614,
      0.0,
      0.01000723522156477,
      0.047717370092868805,
      0.0,
      0.46317073702812195,
      0.0,
      0.0,
      0.005201473366469145
    ],
    "neutral": [
      0.0025755453389137983,
      -0.003967602271586657,
      -0.006223106756806374,
      0.00022932392312213778,
      0.003077514236792922,
      -0.0014908233424648643,
      -0.0023913190234452486,
      -0.0019067864632233977,
      0.0020575018133968115,
      -0.0007272908696904778,
      0.0005200770683586597,
      -0.006092173978686333,
      -0.004175928421318531,
      0.0007297279662452638,
      0.0015638094628229737,
      -0.0010119585786014795,
      0.0,
      0.003920378163456917,
      0.0,
      0.0026390308048576117,
      0.008058058097958565,
      0.0,
      0.013291656970977783,
      0.0,
      0.0,
      0.005100586451590061
    ],
    "sad": [
      0.002556455321609974,
      -9.76408991846256e-05,
      -0.004241912625730038,
      0.004189024679362774,
      -0.00491784792393446,
      -0.001486007240600884,
      -0.00034335177042521536,
      -0.0036811328027397394,
      -0.00555662764236331,
      0.0008366078254766762,
      0.004466253332793713,
      -0.008309462107717991,
      -0.005764856934547424,
      -0.0019834756385535,
      0.0031658962834626436,
      -0.001636527944356203,
      0.0,
      0.0031075703445822,
      0.0,
      0.03437940776348114,
      0.09798642247915268,
      0.0,
      0.013363433070480824,
      0.0,
      0.0,
      0.29204413294792175
    ],
    "apologetic": [
      0.0016517086187377572,
      -0.0005792768206447363,
      -0.004210432060062885,
      0.004710191395133734,
      -0.007966246455907822,
      -0.0005723040667362511,
      -0.00109215232077986,
      -0.0031198689248412848,
      -0.005881179124116898,
      0.001363535993732512,
      0.007975634187459946,
      -0.00990778673440218,
      -0.007068449165672064,
      -0.002225839300081134,
      0.002581580774858594,
      -0.0018258994678035378,
      0.0,
      0.004468698985874653,
      0.0,
      0.00501616857945919,
      0.0036396810319274664,
      0.0,
      0.003603673540055752,
      0.0,
      0.0,
      0.3955000340938568
    ],
    "assertive": [
      0.0023910985328257084,
      -0.0027113950345665216,
      -0.0030166697688400745,
      0.00128549977671355,
      0.005675073713064194,
      -0.0008107987232506275,
      -0.0035438579507172108,
      -0.0024818971287459135,
      0.0004642312997020781,
      -0.0008664600318297744,
      0.0013205679133534431,
      -0.006795509252697229,
      -0.0014465132262557745,
      -0.00019089305715169758,
      0.0033266334794461727,
      -0.0005760042113251984,
      0.0,
      0.05995428189635277,
      0.0,
      0.003535188501700759,
      0.002917524892836809,
      0.0,
      0.21262477338314056,
      0.0,
      0.0,
      0.015508808195590973
    ],
    "concerned": [
      0.0018734440673142672,
      -0.0004838126478716731,
      -0.002088648732751608,
      0.004558351822197437,
      -0.002482469193637371,
      -0.0001813644339563325,
      -0.002471674932166934,
      -0.0031628620345145464,
      -0.0049295383505523205,
      0.00042047418537549675,
      0.005940399132668972,
      -0.00949906837195158,
      -0.002943966770544648,
      -0.0019247399177402258,
      0.004121533129364252,
      -0.0013682226417586207,
      0.0,
      0.014877337962388992,
      0.0,
      0.004420915152877569,
      0.010644988156855106,
      0.0,
      0.20385174453258514,
      0.0,
      0.0,
      0.2824161648750305
    ],